customerid,Good_Bad_flag
8a28afc7474813a40147639ec637156b,1
8a3735d5518aba7301518ac34413010d,1
8a76e7d443e6e97c0143ed099d102b1d,1
8a818823525dceef01525deda2480384,1
8a818926522ea5ef01523aff15c37482,1
8a8189f9526ad7de015280bef19d5811,1
8a85880353acff880153b92f8599568b,1
8a85880353acff880153b9993fe358d9,1
8a85880353acff880153bd56e93f75ff,1
8a85881053bc33670153bda8562417c7,1
8a85881053bc33670153c79e8e84571a,1
8a85881053bc33670153c7a0e6ee582e,1
8a8588175489ef7701548cd088f2207b,1
8a85881a5420ebf101543716beee1039,1
8a8588235375c27f01537fd31b1f53cd,1
8a8588235384a58d01539f23b1071fd9,1
8a8588235384a58d0153a1e7fa6a5089,1
8a8588235384a58d0153a80649f43890,1
8a85882653d0bb500153d96597b72471,1
8a85882953bc04f80153bc05a36c0003,1
8a85883353d0c4e90153d24b9d0667bd,1
8a85883353d0c4e90153d308b87e7f1a,1
8a85883353e2e4e40153e615982440e2,1
8a85883353e2e4e40153eca57a9855c6,1
8a85884e548fad6501549e6d40590168,1
8a85884e54a0565b0154a05a7dd10159,1
8a85884e54be33290154c3f438574c05,1
8a85886e54beabf90154cabe9155402d,1
8a85886f543912e301543dfa84bb3132,1
8a85886f543912e301543e0badb035fa,1
8a85886f54517ee00154541985fc7c19,1
8a85886f54517ee001547fa349f870cd,1
8a85887d53675f4f015379a44783264e,1
8a85887d5384ae1401538a1fd2a853d4,1
8a8588875438ed7e01543d072b3d7baa,1
8a858887545183ca015458c977db7bd2,1
8a85888c54a05b820154a41ad90c504c,1
8a85888c54be35040154c75baed346d0,1
8a85889853efa9ce0153f00d9efc24b3,1
8a85889853f0fbaa0153f22d15cc4a8b,1
8a85889853f0fbaa01540f0d556f0ec3,1
8a858899538ddb8e01539042374a1e26,1
8a858899538ddb8e015390510b321f08,1
8a858899538ddb8e01539536add23417,1
8a858899538ddb8e01539893f3b86ee7,1
8a858899538ddb8e01539a6c3e99691c,1
8a858899538ddb8e01539adc8fa174ee,1
8a8588ae53f1cb7c015401ca6e5a5db8,1
8a8588ae53f1cb7c015405113ce7447d,1
8a8588b2548362e601548bffd0e62b04,1
8a8588b75438f49901544dd4d4991156,1
8a8588b754517d80015457518d6a1968,1
8a8588bf54c8eab60154c924cdd218ef,1
8a8588c2546bf759015471842d602473,1
8a8588c2546bf7590154830ec1d21661,1
8a8588c7541e2f4b01541e3a48830105,1
8a8588d653a915270153aa96cfac2e31,1
8a8588d653a915270153ab10232e304f,1
8a8588dc5384a05f0153895b425a2a63,1
8a8588dc5384a05f015393fe59506c77,1
8a8588dc5384a05f01539a4fbd8e1f5d,1
8a8588dc5384a05f01539f0b767647ce,1
8a8588dd54a3ead30154a63ea45314a8,1
8a8588dd54be35520154c60d7af90d99,1
8a8588dd54be35520154c92031650de4,1
8a8588e65485c1da0154869013603444,1
8a8588f35438fe1201544910ded312f7,1
8a8588f5542eb0d4015436389126718b,1
8a8588f6548fb0c20154957369615d27,1
8a8588f7548fb0a301549bd960a96cd3,1
8a8588f754a058cb0154b86caf3a73a4,1
8a8588f754a058cb0154bb6c773d1bbb,1
8a8588fd53c244bc0153c62ea7c404ee,1
8a8588fd53c244bc0153c7464a0b550c,1
8a8588fd53c244bc0153c77b6b9e691b,1
8a8588fd53c244bc0153c7d786e9171d,1
8a8588fd53f1099e0153ff88e0b16f21,1
8a8588fd53f1099e0154046cf0b95f16,1
8a8589005384ab570153880ceba74594,1
8a85890253e2f1180153e56e89c93156,1
8a85890253e2f1180153eae33e5e6bc3,1
8a8589045384bd8301538f539eb13617,1
8a8589045384bd830153966de1b77ab3,1
8a85890453a912500153aa6fe6be3c5d,1
8a85891e53ad0e6b0153af3918bb1d28,1
8a85891e53ad0e6b0153b0ba20452521,1
8a85891e53ad0e6b0153b3d3854156fb,1
8a85891e53ad0e6b0153bde2fece1bef,1
8a85892854be331a0154c4bf71841892,1
8a85892854be331a0154c7f8abdb669b,1
8a85893d53e2e2f30153ef9dfaf4133e,1
8a85893d53f104eb0153f50deaef1783,1
8a85893d53f104eb0154054115f12c61,1
8a85893d53f104eb015410ce1d262cdd,1
8a85893d542e18bc0154379710d6562c,1
8a85895354a059690154b8fdd9a57ed1,1
8a85895354be33300154bf7a48366035,1
8a85895354be33300154c4e81edf0dd7,1
8a858957536752f3015375ad08686045,1
8a858957536752f301537984cbf74bb2,1
8a858959537a097401537a4e316e25f7,1
8a8589595384a853015392bf85934db0,1
8a8589595384a853015399b541617655,1
8a858966538deb19015391420fe01f59,1
8a858966538deb190153957484683e67,1
8a858966538deb19015399017c6624de,1
8a858966538deb190153995769e748d1,1
8a858966538deb190153a3e3cce916e9,1
8a85896653e2e18b0153e69c1b90265c,1
8a85896653e2e18b0153ea3a02c07f87,1
8a85896653e2e18b0153f09b2aa35634,1
8a85896653f0fed20153f755e081662f,1
8a85896653f0fed201540285f3625829,1
8a85896653f0fed20154065bbe063ff7,1
8a85896653f0fed2015409612ce006b1,1
8a858970548359cc0154856f47c73b81,1
8a858970548359cc0154866750a97482,1
8a85897353d85af80153e0106e264de4,1
8a8589845369f34301537c2ccbeb6972,1
8a85898a53bc15600153bed1da1525cf,1
8a85898a53bc15600153c45f7a98352e,1
8a8589a053acc39e0153b20ebccf30b9,1
8a8589a453bc422d0153c724edd84327,1
8a8589a453bc422d0153c752246a54c1,1
8a8589a453bc422d0153c8a17dca5ebc,1
8a8589a453d0b8850153d7410291589f,1
8a8589a7545186b101546de734bb6d5d,1
8a8589af547ff51b015481b0e7bb7d8e,1
8a8589b0541e21e401541ec02e000ec4,1
8a8589b953bc23f70153bcb44fc40b19,1
8a8589b953bc23f70153c60c56b21c00,1
8a8589b953bc23f70153c72021c26a79,1
8a8589b953bc23f70153c7b5e85f25bd,1
8a8589b953d0be470153d6173d7c3fdd,1
8a8589c1545181f301547bc43dd2668b,1
8a8589c1545181f3015481a6fb827b40,1
8a8589c253ace09b0153af6ba58f1f31,1
8a8589d7548fb3a801549a62a32e3d5a,1
8a8589d754a05c0a0154a492f1746b13,1
8a8589d754be350e0154bea33f411c02,1
8a8589d8548faed501549a0fd1d72170,1
8a8589da5410287f01541a012bf23abb,1
8a8589ec54517bf90154682378410694,1
8a8589ec54517bf901547cc944a27d52,1
8a8589f35451855401545c6aab952f7d,1
8a8589f35451855401546bca9c952edb,1
8a8589f3545185540154764b72b027fb,1
8a8589f853f100fb0153fae1900a7f58,1
8a858e005941690001595e9e0eb82cde,1
8a858e005c2154c2015c25ecd0760ca2,1
8a858e005ca7abe3015ca7fcdd9e1687,1
8a858e0156b782a10156b81770b82e07,1
8a858e0156b782a10156bcdeedd505a3,1
8a858e0156b782a10156c6ed04d7049c,1
8a858e0256b781d80156c19fddb831ee,1
8a858e0256b781d80156c20e3b025c59,1
8a858e0256b781d80156c257b79f0ac0,1
8a858e0256b781d80156c3064ab92fae,1
8a858e0256b781d80156cbcbc09a471c,1
8a858e035693e029015696c50f545a8b,1
8a858e035693e02901569c2e205d58ac,1
8a858e035693e0290156b7095c00491c,1
8a858e0359b799e30159b7c4d72314cf,1
8a858e0359bb64590159c00194e641f9,1
8a858e0359cf06110159cf9c88e42ab0,1
8a858e035a60d2b0015a60dfa9a40831,1
8a858e035b62dff0015b63c73aba6d9a,1
8a858e0458d4ac3d0158dee8a7a84b5c,1
8a858e045b495c30015b5317021320fa,1
8a858e045b495c30015b53e0569d3bbe,1
8a858e045cd5b1d6015cd9c070a212a5,1
8a858e045cd5b1d6015ce312a2775743,1
8a858e045cd5b1d6015ce52f1a166c1b,1
8a858e095aae82b7015aae86ca1e030b,1
8a858e095c59b91b015c59d6c3e90f73,1
8a858e0a565e71c401565f18e2630bcb,1
8a858e0a5668e69c015669270a510c49,1
8a858e0b5cfa2028015cfe1927380b99,1
8a858e0c552ae0b801553545d3540c8c,1
8a858e0c552ae0b801553548b39d0db2,1
8a858e0c552ae0b801553c98c01724b2,1
8a858e0c552ae0b801553e7fcd662ff7,1
8a858e0c5bf343de015bf762be82124b,1
8a858e0d59b23c720159b35b31f54d8b,1
8a858e0d59b7438d0159bad16dec7397,1
8a858e0d59c9abfc0159cac7fba146ab,1
8a858e0d5aa8e240015aa8e8c383070d,1
8a858e0f5577f579015581e5b7620c02,1
8a858e0f58447645015849704e667760,1
8a858e0f58afbace0158b7e566952a99,1
8a858e0f58afbace0158c909b63e176b,1
8a858e0f5c45466f015c46d8a4047abc,1
8a858e0f5c45466f015c541a01a868a1,1
8a858e10570f2d65015717fcfec44996,1
8a858e10570f2d6501571f38cbfc725c,1
8a858e105bd92644015bd94c80a90e1b,1
8a858e105bd92644015bda5890b251e6,1
8a858e105bd92644015bdc54519566e5,1
8a858e105c1c09c8015c1d4a28156d9a,1
8a858e1158dc4d830158f4057fc638c1,1
8a858e1158dc4d830158fabcf67068d0,1
8a858e125a48129b015a49f571142de2,1
8a858e125a48129b015a4d67d0af79ce,1
8a858e125b1ff78f015b2030942c2d22,1
8a858e125b1ff78f015b237dc4da47e9,1
8a858e125b391784015b3938942d2058,1
8a858e135c7e2eec015c81e0d3d1325d,1
8a858e135cb22031015cc039e591078b,1
8a858e135cb22031015cc0a1aa8e3406,1
8a858e135cb22031015cc47670b55fa6,1
8a858e1556321b940156558c236d45af,1
8a858e165a47b2fd015a47ba957b0591,1
8a858e165b90faf9015b9689938b1ff6,1
8a858e165b90faf9015b9a873738471e,1
8a858e165cf9d8e3015cfffb0c61459f,1
8a858e17562dc2270156312c4a755edc,1
8a858e175872e14e0158760dbfcc5d06,1
8a858e175b343fe2015b34860bbf44da,1
8a858e1856aa901b0156ae8f6ada1a00,1
8a858e185b4923b4015b4e60a5c475ca,1
8a858e185b4923b4015b549f63781182,1
8a858e185b57cc76015b57e77d890d59,1
8a858e185b57cc76015b57ee502c112c,1
8a858e195ccb3020015ccc1f0901664d,1
8a858e195ccb3020015ccf6f378a0e9b,1
8a858e1a59cbf7460159cfa0e079219d,1
8a858e1a5bd8a6ae015bd8b73b94063f,1
8a858e1c5bab1191015bb3064eba3de3,1
8a858e1c5bf7d78e015bf8040dfc1602,1
8a858e1d5ad28479015ad32c791e68f7,1
8a858e1d5b2510b2015b3059914e6865,1
8a858e1d5c5a460c015c5e52353154e3,1
8a858e1d5cd58f9e015cde53c77b1274,1
8a858e1d5cd58f9e015ce109b14c577e,1
8a858e1d5cd58f9e015ce46e63263acd,1
8a858e1d5cd58f9e015ceaeac93864b5,1
8a858e1e54e2aa5a0154e2bed058051e,1
8a858e1e5a1e6835015a22bbbeca0b24,1
8a858e1f5cac899f015cad49e98535fa,1
8a858e205af14ee8015af221e4fb5fd6,1
8a858e205c21d53a015c2a1bbee92567,1
8a858e205c21d53a015c31cc641b57ab,1
8a858e205c21d53a015c31eef2ae5b6a,1
8a858e205c21d53a015c32394c2162f8,1
8a858e205c880ef2015c8859fc092b1f,1
8a858e2155defefd0155e3c9a8564f63,1
8a858e2155defefd0155f51978645e36,1
8a858e21586d1ac801586d9b9f0a2f3b,1
8a858e225a22cf58015a2471b4854027,1
8a858e225a28c713015a30db5c48383d,1
8a858e225c404292015c409a09261363,1
8a858e235b5784eb015b5790e9e109d7,1
8a858e235bd971a4015bd984429906d5,1
8a858e235bd971a4015be654eb7a6489,1
8a858e235be813f6015be923ff0d621f,1
8a858e245a4f0e47015a5adda94f4429,1
8a858e245b680423015b6ced9fa8358f,1
8a858e245b680423015b6dd77f2150e8,1
8a858e245b680423015b70f7a57e07ac,1
8a858e245b680423015b7ad113d6259a,1
8a858e245b680423015b8056f2c015eb,1
8a858e245c214660015c27adef9e3e17,1
8a858e245c214660015c2c27234403a9,1
8a858e245c5f3f7c015c5fc06e1022b7,1
8a858e255557edfe015559c51f350cc0,1
8a858e255557edfe015563a492d53502,1
8a858e255557edfe015573404b8a167f,1
8a858e255b910db1015ba178f5865126,1
8a858e285c7c7fc9015c7c8c1e040865,1
8a858e2959d14bd70159d4bc25587344,1
8a858e2b598cba8201598e0475ff4489,1
8a858e2c5bd33ac0015bd3680c8b1bad,1
8a858e2d565657b101565ae54e5638c1,1
8a858e2d565657b101565c1b4e586d85,1
8a858e2d565657b101565c1f67be6de7,1
8a858e2d565657b1015668e28ed86029,1
8a858e2d5bb55d46015bbf3c999363f3,1
8a858e2d5bb55d46015bc34c011f3c7e,1
8a858e2d5bb55d46015bc56e31b02869,1
8a858e2e5bb57a37015bbdd7f994337a,1
8a858e2e5bb57a37015bc0e3cdd00b74,1
8a858e3257b91c6d0157d208aede0483,1
8a858e345bd96da8015bdaa8f56d42c1,1
8a858e345bd96da8015bdda4b3061ff5,1
8a858e345bd96da8015bdf494ac059fe,1
8a858e345bd96da8015be30e7a5a308f,1
8a858e345bd96da8015be325004232e3,1
8a858e345bd96da8015be4fad6386f24,1
8a858e345bd96da8015be6289d010075,1
8a858e345bd96da8015be708cfda2c74,1
8a858e345bd96da8015be74e2d845157,1
8a858e35589c0ac00158a5b90844229d,1
8a858e3654e2a8240154e86636f673f8,1
8a858e3654e2a8240154e9fa08b9171e,1
8a858e36590808e30159431352ef5f7d,1
8a858e36590808e3015947b0870e6c89,1
8a858e365ca12b1d015ca1379747057d,1
8a858e395cb1d4d9015cbe36653b294e,1
8a858e395cb1d4d9015cc067ecea501f,1
8a858e3a54e3370201552745a1785f7c,1
8a858e3c58537338015864369edf2b32,1
8a858e3d55ca3ef60155ce643a0663d5,1
8a858e3d55ca3ef60155d426178f29ab,1
8a858e3d570f30bb01571db9f99b0254,1
8a858e3d5c3b5122015c3c3fdc122cdf,1
8a858e3d5c3b5122015c3f19525a05d4,1
8a858e3d5c3b5122015c408c5c046a18,1
8a858e3e5922ba4301592d167a8d19b7,1
8a858e3e5922ba4301593bdd879f6f02,1
8a858e3e5922ba430159604e0bc87433,1
8a858e3e5922ba43015960f173140164,1
8a858e3f5b5cecb6015b5d16a740279e,1
8a858e41579fc64b0157b4831cca06cd,1
8a858e415c5a2000015c5a85158e2fd3,1
8a858e425700714c015700c9da261e46,1
8a858e42570314e001570584d48641dc,1
8a858e42570314e00157062a120e6345,1
8a858e435bedeb4f015beefb8a294d30,1
8a858e435bedeb4f015bf103d73403bf,1
8a858e435d37b4ce015d392878493f59,1
8a858e435d37b4ce015d3b2164ed0b00,1
8a858e44573d4b3701574dcc81ef0120,1
8a858e445add19b4015ade12ac4d382a,1
8a858e445add19b4015ae205caa61bfd,1
8a858e445add19b4015ae7ed46155eb9,1
8a858e445add19b4015ae905c37c7b00,1
8a858e445ca25ee3015ca2f66dc826e0,1
8a858e445ca25ee3015ca6262dd83aaf,1
8a858e445cd56553015cd94108ba7dc1,1
8a858e445cd56553015ce0837e8536e7,1
8a858e445cd56553015ce17d2c26494d,1
8a858e445cd56553015ce203566b4ea7,1
8a858e445cd56553015ce919c86b2438,1
8a858e475c127bce015c16667af86900,1
8a858e475c127bce015c169071077ceb,1
8a858e475c127bce015c1715ca853ccf,1
8a858e475c1c2ea7015c204c71df404c,1
8a858e485cc0eed3015cc5416e6e71b8,1
8a858e495bf8527e015bf8a5de842da2,1
8a858e495cef1ef1015cef8066103757,1
8a858e495cef1ef1015cf34cd155057f,1
8a858e495cef1ef1015cf3901dc62a7d,1
8a858e495d1e235c015d1e7b78531355,1
8a858e495d1e235c015d2cab67f045eb,1
8a858e4a5cac6f81015cae46ed034497,1
8a858e4a5cac6f81015cb07850bc4ed8,1
8a858e4b5a94ae68015aa2b2bc5941b4,1
8a858e4b5cb1e4d7015cb2c1a0f4204c,1
8a858e4e5b33db76015b33e5561f0c42,1
8a858e4e5c3502ab015c3581a2ea2f66,1
8a858e4f5d31cd1f015d32059b15239c,1
8a858e51584a1fc7015859e83e2a4eb4,1
8a858e515b38f839015b39083e321384,1
8a858e5257d85fa40157ddeb16f322c3,1
8a858e525cac859d015caee19f745160,1
8a858e5357d823010157e0abedca5874,1
8a858e5357d823010157e1248f816ec5,1
8a858e575a6c2e70015a6f61169b73b4,1
8a858e575bf80f73015bf8472cda156a,1
8a858e575bf80f73015bfbb6e1692e6d,1
8a858e575cf89b61015cf8b4bb1b0d8c,1
8a858e585693982b0156ae3b98be2f9e,1
8a858e585693982b0156b439a16e0a8d,1
8a858e5856b7840c0156bbf9338d4bd6,1
8a858e5856b7840c0156bcc7ca5f1618,1
8a858e59569397d50156ad56f88c51ee,1
8a858e5a5be99e1c015bebdbc5d04739,1
8a858e5b5bd99460015bdd35ed9771e9,1
8a858e5b5bd99460015be581e6a247b8,1
8a858e5b5ca767e1015cab5c58e371a0,1
8a858e5d57518f460157579f21843441,1
8a858e5d5bf3454f015bf4ff33845406,1
8a858e5d5c7e25b4015c8196828519c6,1
8a858e5f5b390a6e015b3916bcf60ccb,1
8a858e605ce99f55015cea610eab6542,1
8a858e605ce99f55015ceacaa29d0ba5,1
8a858e605d3c7ec7015d3c8f538c07d2,1
8a858e625c8d993a015c8ed65d1a60e2,1
8a858e625c8d993a015c91eb86343292,1
8a858e625c8d993a015c938f829f77ee,1
8a858e625c8d993a015c944701ea0746,1
8a858e625c8d993a015c97da8e5a5999,1
8a858e625c8d993a015c9bb44a9b0854,1
8a858e625c8d993a015c9bf9278c32f7,1
8a858e63599799e901599a7ad1fb65e9,1
8a858e6359a764180159a7e46f8f1da6,1
8a858e635bd8fe1e015bd93b5ecc1efe,1
8a858e645654fdc4015660f5f3593a9f,1
8a858e6458625423015864d7a62e6785,1
8a858e6458625423015866b8e3c20576,1
8a858e645862542301586d65e8e03e2c,1
8a858e65582a517e0158314aa5853c15,1
8a858e655a047d1a015a12f9d9eb5b9c,1
8a858e655a047d1a015a17be58262943,1
8a858e66582a51a301583396652f58da,1
8a858e675a3bef15015a3c06da560bdd,1
8a858e675b00c831015b06776ce75e69,1
8a858e675c3fe0a1015c44ba8a037fee,1
8a858e675c3fe0a1015c49af1dd366b0,1
8a858e685adba68e015adc39b1736fc3,1
8a858e685c174778015c1a1c2b6b557b,1
8a858e685c217d36015c22d730c532f0,1
8a858e685c217d36015c27c78514225b,1
8a858e685c217d36015c2fedb165662b,1
8a858e69566ae5b801566fcb6148761d,1
8a858e69566ae5b8015670dfc8cc4825,1
8a858e69566ae5b80156711deca24df3,1
8a858e69566ae5b801567b97d3465e99,1
8a858e69566ae5b801568eb3041a121a,1
8a858e69566ae5b801568fe0bb8a4fd0,1
8a858e69566ae5b8015690272e3553fa,1
8a858e6956939bac015693ab5e95049f,1
8a858e6956939bac015695667dc84376,1
8a858e6956939bac01569d5dd0256c09,1
8a858e695775665c015779a1a5cc1192,1
8a858e695775665c01578086c7ef551a,1
8a858e6a5bfd4b54015bfd6f35f40fb2,1
8a858e6a5bfd4b54015c0065e2c6050f,1
8a858e6a5bfd4b54015c0b1d85ef208e,1
8a858e6a5bfd4b54015c0e31d74c35da,1
8a858e6a5bfd4b54015c0e8431373c5e,1
8a858e6a5bfd4b54015c109266872b55,1
8a858e6a5c829229015c829aad4f05b5,1
8a858e6a5cc6b1aa015cc74b2e5a12bb,1
8a858e6a5cc6b1aa015cc90e451e31e0,1
8a858e6b5ccb6ea8015ccf1c58031389,1
8a858e6b5ccb6ea8015cd03740010fff,1
8a858e6b5d1885ce015d1894c8620d20,1
8a858e6c5c88d145015c8cd3a21d61d8,1
8a858e6c5c88d145015c921ee70b6b4c,1
8a858e6c5c88d145015c964472ed5b2c,1
8a858e6c5c88d145015c97d3d7401cc4,1
8a858e6c5c88d145015c97ee34d02391,1
8a858e6c5c88d145015c9cd6d6224756,1
8a858e6c5c88d145015c9d177714659b,1
8a858e6c5c88d145015ca0b1c8b17bd8,1
8a858e6d58b0cc520158b468f3507f9f,1
8a858e6d58b0cc520158c8d1f12252d4,1
8a858e6e55c554c20155c5731ae90d16,1
8a858e6f5668e017015670fc49be1dc7,1
8a858e6f5668e01701567d90922848d5,1
8a858e6f5668e0170156849effb35b01,1
8a858e6f5668e017015685eef7736a7d,1
8a858e6f5668e01701568b6b258b23d2,1
8a858e6f5668e01701568ca49e112c41,1
8a858e6f5668e01701568dc4c95e13d0,1
8a858e6f5668e017015692a82e0606e4,1
8a858e6f5a3744d4015a376ff0721081,1
8a858e6f5c120e66015c12a543a62da6,1
8a858e6f5cd5e874015cd6bbd4f83158,1
8a858e6f5cd5e874015cd9285d745cf7,1
8a858e6f5cd5e874015ce14cb92b3f01,1
8a858e6f5cd5e874015ce379944d6751,1
8a858e705668e16701568d358c6579da,1
8a858e705b3a03c7015b3b10e6ae5eda,1
8a858e705b3a03c7015b3c16c087774f,1
8a858e705b3a03c7015b3d6aac0b7eb2,1
8a858e705cb15527015cbfa1139f5368,1
8a858e71570f2c6b01571f8552676a96,1
8a858e71570f2c6b01571fe3e60d0089,1
8a858e725c360240015c3710db1f3e44,1
8a858e725c3ae262015c3e74c7e52155,1
8a858e725c3ae262015c3e97e63a2b2b,1
8a858e725c3ae262015c3ea9a77430ea,1
8a858e725cf420fd015cf437db121438,1
8a858e735b86c5e6015b86ca110b0353,1
8a858e735c5a4bed015c5b4894e42483,1
8a858e765507208301550ad47dbd0a73,1
8a858e765507208301550b5cb3ae27bc,1
8a858e775b10631f015b1099fea22372,1
8a858e775c362114015c3ac335ce7f57,1
8a858e775c362114015c3b3afefd3f2d,1
8a858e7855113fb70155241e8df50aba,1
8a858e7855113fb701552aa02f471edc,1
8a858e7858eeb5710159076ba8f91be6,1
8a858e785acd3412015acd48f4920d04,1
8a858e785c8d9167015c9b45028c148d,1
8a858e79568ec7de0156931b1c6d3ab0,1
8a858e795b204ffc015b20af599b1c15,1
8a858e795b204ffc015b20b002161c85,1
8a858e7a56e509290156f6ea4fca69d5,1
8a858e7b55deef140155ecf0680c07df,1
8a858e7b55deef140155eef7677821d0,1
8a858e7c588604a401589940135a58fd,1
8a858e7c5c78b1ff015c7cc02d010d60,1
8a858e7d5ab8ce17015abf6bc2b52ab6,1
8a858e7d5b591490015b59618de419b4,1
8a858e7e5c7cff8b015c7d09f3b005b9,1
8a858e8455f96c1c0155ffd6abe87fb5,1
8a858e865b90b1a8015b90e497b3231b,1
8a858e865c1b00d9015c1b4a546d2814,1
8a858e875b1f7615015b1f9105b418af,1
8a858e875b910dfe015b9a75f78739f7,1
8a858e875b910dfe015b9ef45d487dd4,1
8a858e875c63d395015c6472a8f34fa7,1
8a858e875c63d395015c6f115be54028,1
8a858e875cfa37f5015d0d0f292e04c9,1
8a858e875d3c4046015d3c4c537403c6,1
8a858e885ab85d06015ab89b8b3e2f1b,1
8a858e885b68546c015b75aa90485958,1
8a858e885b68546c015b75d138885cee,1
8a858e885c63d379015c6cccc09b5b7a,1
8a858e885c63d379015c73df54dc0822,1
8a858e885c9c6f96015c9e2403c32687,1
8a858e8a5c1c14b8015c2068cc9d6428,1
8a858e8c5d37e319015d387c0a7f1de8,1
8a858e8d56b784480156b8dfa2c27373,1
8a858e8d56b784480156c5f1019357de,1
8a858e8d56b784480156c74508a36a02,1
8a858e8d56b784480156d556a42862f5,1
8a858e8d5d41c5fd015d45762a6400db,1
8a858e8e59bbadf50159c0b7158944e0,1
8a858e8e59bbadf50159c61ebd527a05,1
8a858e8e5ca1f1a8015ca2188ba013ca,1
8a858e8f5d41c974015d464347443fae,1
8a858e905a8fc7af015a903b5fb63073,1
8a858e905b47e117015b47efdc460bbc,1
8a858e905bf2fa58015bf676bbf639a1,1
8a858e9156e137c60156e5e9f9d85b38,1
8a858e9156e137c601570163db4358c9,1
8a858e9156e137c601570b4d23a949fc,1
8a858e935b8c1bc9015b8faf9fd16043,1
8a858e935cedfe55015cee23feae1e84,1
8a858e945631db2f015637e7700e4e60,1
8a858e94580afa7901581b3d4fc60798,1
8a858e94580afa7901581f3d9ca72ad9,1
8a858e945bb0014b015bb526a9584a2d,1
8a858e945bee08de015bee107c0a034d,1
8a858e945bfdb9e7015c02e0fdb0488b,1
8a858e945bfdb9e7015c0b334ac868eb,1
8a858e945bfdb9e7015c0cbdf40d05b6,1
8a858e955add2971015addaaea8c1d86,1
8a858e955add2971015addf0bf9623ee,1
8a858e955add2971015ae0fb8d6807d9,1
8a858e955add2971015ae83a40df7a76,1
8a858e965b5e1b91015b60d410a170e9,1
8a858e975aec3bc1015aed6218ec0220,1
8a858e985885ff6d01588be6bd961528,1
8a858e985885ff6d0158a07e0740204d,1
8a858e985a413242015a41421a640b17,1
8a858e985ccb51e8015ccf5370fe5128,1
8a858e995bfc46c6015bfcda377e4b6e,1
8a858e9b560bbd6301562203e6357977,1
8a858e9b562dc74801562f4b84e3106d,1
8a858e9b5972b8ec015974526b2b5b25,1
8a858e9b5a195041015a1a7d86c7564f,1
8a858e9b5bcf8546015bd34d1f801a05,1
8a858e9d59e0997b0159eae2e4fa7611,1
8a858e9d5bfd7037015bfd9fe4ec0ed7,1
8a858e9d5bfd7037015c00c981e8766e,1
8a858e9d5bfd7037015c0b68f69113ba,1
8a858e9d5bfd7037015c108764345649,1
8a858e9f59d692440159da2c60b42106,1
8a858e9f59d692440159da7307f4464e,1
8a858ea15c884829015c8c27adb903b4,1
8a858ea35a549d49015a5abfb27523a1,1
8a858ea35b1f6798015b1fba337d412a,1
8a858ea45b35639b015b38bc0dd21bd8,1
8a858ea555d9e6020155de8c81a63a1d,1
8a858ea555d9e6020155ed7936d6469b,1
8a858ea555d9e6020155efaba6540a82,1
8a858ea555d9e6020155f60b676343b3,1
8a858ea55ab92cff015abeac4bdb7255,1
8a858ea55ab92cff015abff180597ac7,1
8a858ea55ac1546c015ac2b3547711f0,1
8a858ea75ba01fdf015ba0a2a764405d,1
8a858ea75ba01fdf015ba4313c283d37,1
8a858ea75cef5535015cf2aa1846310b,1
8a858ea8580b1fee015814d9ce7f41ec,1
8a858ea85c58de66015c594fe5612ddb,1
8a858eaa55a0b8ae0155c7152bd3607e,1
8a858eaa5bed957a015bed9d7eae048b,1
8a858eab5cf9c4c8015d030ef0336efa,1
8a858eab5cf9c4c8015d03737a977738,1
8a858eac59b14c020159b1c6a26a5569,1
8a858eac5ad81473015adb5e13740d62,1
8a858eac5ad81473015adb8fd64e2636,1
8a858eac5c451942015c469f4e8c1312,1
8a858eac5c451942015c4a8f0ec6028c,1
8a858eae5c356262015c3575c5b40c22,1
8a858eaf570f3a0a01571e342bb40617,1
8a858eaf5800dcbe01580628f255795f,1
8a858eb05800dd6201580acff9ed0c96,1
8a858eb05ab84ca7015ab86b95711634,1
8a858eb05d2d1297015d317c118f380e,1
8a858eb456e0b9490156fc26f9c434df,1
8a858eb4588604f70158863ec5720ce8,1
8a858eb4588604f701589b300e2768ee,1
8a858eb45c11f9e4015c1221c18d103f,1
8a858eb554d4ccaf0154de19c1281f9d,1
8a858eb55b24c7b8015b24d6095c0c46,1
8a858eb55d8a047e015d8b0387e85794,1
8a858eb65b19b654015b19d9d5aa1ba1,1
8a858eb65c3b3074015c40de35080a99,1
8a858eb75c21a2b9015c27074d841304,1
8a858eb75c21a2b9015c2aff4a5f448a,1
8a858eb75c21a2b9015c310ae7325a77,1
8a858eb75d324d55015d362d07c73dca,1
8a858eb85cef9327015cefb8167a1dfe,1
8a858eb85cef9327015cf3a643af0628,1
8a858eb95591bf000155939bbc8954b9,1
8a858eb95b3ed48c015b3f2be5056fcd,1
8a858eb95b8c2f6e015b8d4b02c83e7e,1
8a858eba5591bf28015596e245a341ea,1
8a858eba5591bf280155987d3c73182f,1
8a858eba5b681df4015b70b3ca8b0f4c,1
8a858eba5b681df4015b7c3d810c05ff,1
8a858eba5c884d2a015c887b946e2236,1
8a858eba5c884d2a015c89bb147c054e,1
8a858eba5c884d2a015c8d20bd55732a,1
8a858eba5c884d2a015c91134a6222d8,1
8a858eba5c884d2a015c9795b92e7801,1
8a858eba5c884d2a015c9c11f8233e98,1
8a858ebb5adce699015ae18330e817da,1
8a858ebb5adce699015ae2ee1d0c334d,1
8a858ebc572e1e3a01572fa91eca67b7,1
8a858ebc5ac70dbe015ac734d3061e8b,1
8a858ebc5b43210a015b4326f173080e,1
8a858ebc5bd450fe015bd5375abb3175,1
8a858ebd5b254c8b015b25ac90581db3,1
8a858ebd5b254c8b015b2ebaaf2652a7,1
8a858ebd5b254c8b015b2f8ebbc96477,1
8a858ebe5908030101591c4e795f7484,1
8a858ebe5908030101591d56673a3213,1
8a858ec05a9535db015aa2ab23c10d1e,1
8a858ec05ba5ca1d015bae4081105e57,1
8a858ec15a3d5e6a015a3e959d4547ed,1
8a858ec15b483ae3015b485358b30f89,1
8a858ec3579655fa015796d4a7f20a25,1
8a858ec358dc5c130158f9d80a236ac7,1
8a858ec45577f83e01557c9d42d31c88,1
8a858ec555f96a9a015600fbe3bd7f24,1
8a858ec559dbb41a0159df903f87302e,1
8a858ec55b441639015b4496fd5e581e,1
8a858ec55b441639015b479a5bac102b,1
8a858ec65c123dfb015c1655b29255f1,1
8a858ec65cc6352b015ccb395a392d32,1
8a858ec75bfd77c4015bfda9291a0e1e,1
8a858ec75bfd77c4015c00a857466368,1
8a858ec75c11a07a015c16a2289b4fa7,1
8a858ec9590ad35d01592685afd83a7a,1
8a858ec9590ad35d01592b20868f2736,1
8a858ec95afc0922015aff4399e77a12,1
8a858ec95afc0922015aff7d927011fb,1
8a858ec95afc0922015b080cc25e41f8,1
8a858ec95afc0922015b0edc17e34984,1
8a858ecc57b9184b0157ba61dab46cbc,1
8a858ecc57b9184b0157bd7491b650ec,1
8a858ecc5aa30451015aa42f76320bc7,1
8a858ecc5d3c809e015d3d8cdb0e4e76,1
8a858ecd57b919a70157c8398b5d5300,1
8a858ece5b0142e3015b045f5849587e,1
8a858ece5cd05041015cd14579177593,1
8a858ece5d1e42c3015d235334ba7683,1
8a858ece5d1e42c3015d25eb4ac011d9,1
8a858ed158f3044d0158f9d167153599,1
8a858ed158f3044d0158fca3eea0698e,1
8a858ed1594a282f0159559953d13d0e,1
8a858ed25b1b19eb015b1db705be3e05,1
8a858ed25baac424015baaeed0191571,1
8a858ed25bf83782015bf8d4e8d73474,1
8a858ed25bf83782015bfb7756f4006e,1
8a858ed35cc5ce51015cc5f0774411a6,1
8a858ed45c454c11015c45bcf57039dc,1
8a858ed45c454c11015c4c55a35d4ce0,1
8a858ed45c454c11015c4dc59100572d,1
8a858ed45c454c11015c4e4b4559656a,1
8a858ed45c454c11015c505b357c147d,1
8a858ed45c454c11015c520ab8602f15,1
8a858ed45c454c11015c57f3d8154215,1
8a858ed55844707601584dfb865e3284,1
8a858ed55c63db54015c68298dce5e26,1
8a858ed55c63db54015c6e0859c72f24,1
8a858ed55c63db54015c6f9d253b5be9,1
8a858ed75732b681015733b076635f39,1
8a858ed95cc5bd6b015cc5e4371b13ee,1
8a858eda552adcc2015548f0eb523fc3,1
8a858eda552adcc201554a43790937ed,1
8a858eda552adcc201554f11a0100294,1
8a858eda552adcc201555d5b88396bcf,1
8a858eda5984353b01598957192919d7,1
8a858eda5c8863ff015c96bd0ee76a88,1
8a858eda5c8863ff015c96c523266b34,1
8a858eda5c8863ff015c9d9e30427a65,1
8a858edb552adcfd015531bdc5371d37,1
8a858edb5a70bfe0015a7c3c68d16980,1
8a858edc59e0d8f70159eba2590759b5,1
8a858edc5ceea2e6015ceea77c5c0300,1
8a858edd57f790040157ffe9b6ed3fbb,1
8a858ede57f78f520157fcfdcb4f1091,1
8a858ede5ca210f0015ca2d7fd614d59,1
8a858ede5ca210f0015ca65716f777d7,1
8a858edf55ca17ba0155cbfdd5f3610e,1
8a858edf55ca17ba0155de9a93fd4b4b,1
8a858edf5c69a538015c795c0a0f0baf,1
8a858edf5c69a538015c7a94c4014429,1
8a858edf5c69a538015c7c1bcda868dc,1
8a858ee0560bc0770156123f4bb26fc7,1
8a858ee0560bc07701561d3b978b4831,1
8a858ee0564adc5001564ff69988109d,1
8a858ee0564adc5001565b13d2465aea,1
8a858ee0564adc5001565b3821f86627,1
8a858ee05a6b7d75015a6c9816c25449,1
8a858ee05a6b7d75015a6f9509d049af,1
8a858ee25b34d796015b380aa54b5f73,1
8a858ee25b34d796015b387bdfb9477f,1
8a858ee25b874ecc015b8a4d26917f4c,1
8a858ee45a1e6afb015a21cf92450c11,1
8a858ee45b39aa80015b3d8b581e6281,1
8a858ee45b62dadc015b62fedecd1b56,1
8a858ee45b8c041c015b8fe6cc4f01d2,1
8a858ee45beda286015befb09fca0d6f,1
8a858ee55cb156e6015cbb32a2cf1f7b,1
8a858ee55cb156e6015cc16bd9852bb8,1
8a858ee755a0c84a0155a77bd775235f,1
8a858ee755a0c84a0155c0c075543408,1
8a858ee758b4c54a0158b7b47c784cda,1
8a858ee9587f44aa01588138339b0769,1
8a858eea5a232d51015a24ed254c22de,1
8a858eea5d1d99d3015d2729731b142b,1
8a858eea5d1d99d3015d27a2a7f62335,1
8a858eea5d1d99d3015d2cbec08b2a24,1
8a858eec5ca21dcb015ca3824cdb63b2,1
8a858eec5d4232a5015d4623cd0a048b,1
8a858eec5d4232a5015d4fbcfe6414ea,1
8a858eed5a42df95015a45ef0d86723f,1
8a858eed5a476a3c015a48d4049172e3,1
8a858eed5af07cc4015af0cc483126df,1
8a858eed5af07cc4015af10da7565173,1
8a858eee58727169015877060b15540c,1
8a858eef5554890501556d6c58e46b34,1
8a858ef05c63d3b5015c6493de755e63,1
8a858ef05d0edf64015d12894b9a4f4b,1
8a858ef255c55fd60155daa40f514312,1
8a858ef25c8393f8015c83fa6fe71cbc,1
8a858ef25c8393f8015c873e2c443d27,1
8a858ef25cd0c652015cd46515a128be,1
8a858ef358d4a48e0158e97fe129792e,1
8a858ef35d0cff86015d0d51923d2548,1
8a858ef458d4a52e0158f30caade579c,1
8a858ef45be99ccb015bebccaa063f88,1
8a858ef45be99ccb015bec00e8ff5383,1
8a858ef7597cf4c5015982645c3773d3,1
8a858ef75b43fc73015b44be6f14622d,1
8a858ef85a613c85015a684e546a4e82,1
8a858ef85cf93896015cf996a0a53980,1
8a858ef85cf9e152015d08e74fc66452,1
8a858efa5b444739015b44d221873c11,1
8a858efa5c646292015c784893a301ed,1
8a858efd5b39cf3d015b3abcd18774ef,1
8a858efd5b39cf3d015b3cb3b3882cc7,1
8a858efe5bca0a81015bcafa92f72787,1
8a858eff55a090650155b0cbb1c8506e,1
8a858eff55a090650155c091410641dc,1
8a858eff5b393484015b3944320810f3,1
8a858f0056b7cf8e0156b8918d424613,1
8a858f0056b7cf8e0156bbeefc4933cc,1
8a858f0056b7cf8e0156bd17f476237d,1
8a858f0056b7cf8e0156c10ef5725adc,1
8a858f0056b7cf8e0156c14b37d37121,1
8a858f00590ac4e701592b042a0e2816,1
8a858f00590ac4e7015941db231908f6,1
8a858f005a04ae6e015a09f0358b20da,1
8a858f005b396e23015b397635140a37,1
8a858f005b396e23015b3977901b0c51,1
8a858f005b396e23015b397ce2dc1159,1
8a858f005cc5df15015cc5eb75d00970,1
8a858f015d66186b015d75096a420eca,1
8a858f025a1e7e0c015a1f38bb824bd3,1
8a858f03582604ff01582a09d5a32c12,1
8a858f045556eaa4015567f7595b3f4f,1
8a858f045556eaa4015568356b2d414c,1
8a858f0455d9feaf0155de3652a42b81,1
8a858f0455d9feaf0155e3e801326320,1
8a858f0455d9feaf0155ea840c8f410a,1
8a858f0455d9feaf0155ee2126024371,1
8a858f0455d9feaf0155f230b2e1680f,1
8a858f0455d9feaf0155f24e3cb568e6,1
8a858f045bab240c015bab4f47fe14dd,1
8a858f045bc9690c015bca251e9a4e95,1
8a858f045bc9690c015bca51755455a1,1
8a858f045c108b7c015c109f13660832,1
8a858f055b15b8d3015b168707084a4b,1
8a858f055c831d5b015c838a80832e28,1
8a858f055d0e3d8c015d0fecbb167722,1
8a858f0656b7820c0156c1675caf6f38,1
8a858f075b58beb8015b5bd409ec3cdc,1
8a858f075cee6786015ceeb680a533f4,1
8a858f08582a51bc01582a7123560822,1
8a858f08582a51bc01582e506db60fd7,1
8a858f085b494826015b4982ca1f1a0c,1
8a858f085b494826015b4995aaf8215d,1
8a858f085b494826015b54a0b2a1093b,1
8a858f085bcf44be015bd31798a22475,1
8a858f085cf4e173015cf7d609e2007a,1
8a858f095c3b2c30015c3cb53f584d24,1
8a858f095c3b2c30015c43f7ca9a3d94,1
8a858f0a56d3ed1f0156d55f4623244c,1
8a858f0a5ad6757c015ad6d4c20e46a2,1
8a858f0a5bf2ed17015bf34ffdf132c9,1
8a858f0a5bf3716c015bf38c723c0aee,1
8a858f0a5bf3716c015bf411533c2f1b,1
8a858f0a5bf3716c015bf60d479e6efd,1
8a858f0a5bf3716c015bf74ec5a60dc8,1
8a858f0b5b5ddd79015b5f63003e7750,1
8a858f0b5c595029015c598f160d2495,1
8a858f0c57d3fe8e0157dcc488084992,1
8a858f0c5ca18b3d015ca194f4a60867,1
8a858f0c5cc68025015cc6e912161dc0,1
8a858f0c5cc68025015cc7706f0d31b7,1
8a858f0d58a18ebc0158a9bf124b5a30,1
8a858f0d5a859ac0015a859b8f0c0095,1
8a858f0e5a6171ba015a648137c361bc,1
8a858f0f5bfd79d2015c0160587e37cf,1
8a858f0f5bfd79d2015c057f0bc11b19,1
8a858f0f5bfd79d2015c0d5202e15752,1
8a858f105a4ed440015a51ffebd57187,1
8a858f115cea8545015ceb7bb25437cb,1
8a858f115cea8545015cee54a7486425,1
8a858f13556665aa01556c9c75863a6d,1
8a858f13556665aa0155727a1c73511c,1
8a858f13556665aa01557337c12412fc,1
8a858f1358d4ac270158d995e64634b8,1
8a858f1554e294490154e74dde675366,1
8a858f1554e294490154f1aed36c042f,1
8a858f1554e294490154fce5bc2f6140,1
8a858f1554e29449015505ceef786df0,1
8a858f155554552501555540a44f2fc8,1
8a858f15555455250155599a5f7a5dc1,1
8a858f15555455250155640248702794,1
8a858f165c1c22df015c20a6b4162cc3,1
8a858f185ab8e4e5015abd46660a35ef,1
8a858f185ac156d7015ac34782ae1523,1
8a858f185b390ca6015b3911a4b90979,1
8a858f185c884965015c887f761821b6,1
8a858f1955b1c4df0155c19feb017f89,1
8a858f1959d4ea4d0159d56ed9c448f1,1
8a858f195a374aff015a374cdbbb01a4,1
8a858f1a5ccb60ae015ccf0ca1393eee,1
8a858f1b5ab8c83d015ab8c890820023,1
8a858f1b5b256bc9015b2f7ff2d860fb,1
8a858f1b5b256bc9015b2f998c4d6822,1
8a858f1b5b256bc9015b3039f72a13d5,1
8a858f1b5b9136f7015b9f4034a8207d,1
8a858f1c5ca1e2f9015ca1fb029f0b50,1
8a858f1d587204670158788b891a13c5,1
8a858f1d5c7db9e2015c7dbe8a2d0254,1
8a858f1e5add5268015ade70d6e220fa,1
8a858f1e5aec5791015aecab567a2a87,1
8a858f1e5cef1d91015cf11348b17a07,1
8a858f1f58716185015872d14d3e0e39,1
8a858f1f5b48a72d015b48a73d40001e,1
8a858f1f5c16cb02015c1717673528c5,1
8a858f1f5c59cd91015c5dfb2dfb7d93,1
8a858f1f5c834d4f015c85f0235d6562,1
8a858f1f5c834d4f015c872619d66fd2,1
8a858f225b3dc49e015b3de052f52204,1
8a858f23573921ad015742fc59060011,1
8a858f235b8bf5bc015b8bf94dbc0278,1
8a858f235b8bf5bc015b8bfee8ee084c,1
8a858f245d1dfd3e015d1e3c6bad1ae8,1
8a858f25584470aa01584da2a1db5663,1
8a858f255c78552d015c7877d6e11cdb,1
8a858f255ca276c5015ca6175ff526db,1
8a858f255cb1710a015cc3e7f142101c,1
8a858f2656e154de0156eba07ec86e98,1
8a858f2656e154de0156fb12aedb3841,1
8a858f2656e154de0156ff3308f15bed,1
8a858f265c1c393e015c1e796dbe49eb,1
8a858f265c2187bd015c21d5f78413fc,1
8a858f265c2187bd015c24ab682b4419,1
8a858f265c2187bd015c24bd18b2461b,1
8a858f265c2187bd015c298ca7e642cc,1
8a858f265cfa1a64015cfca12d4651a3,1
8a858f265cfa1a64015cffd360cf3f7b,1
8a858f2756cec0a30156d7a04f140afd,1
8a858f2756cec0a30156e76c4e6f6163,1
8a858f275a8e994e015a8ebcf96914e1,1
8a858f275c451af5015c50cf80457196,1
8a858f275c451af5015c5384d0fb5ec0,1
8a858f275c451af5015c546a50ce55ed,1
8a858f275c451af5015c588578f40668,1
8a858f275c451af5015c589ae56f15bf,1
8a858f295c8d307f015c925746723871,1
8a858f295c8d307f015c92f962ed63c8,1
8a858f295c8d307f015c9b0c82c6605b,1
8a858f295c8d307f015c9cee64412197,1
8a858f295c8d307f015c9d627df260c1,1
8a858f2a5b3f2121015b3f2e1a5c1277,1
8a858f2a5ce989dd015ce9a484671023,1
8a858f2b5bf35819015bf3cc59193622,1
8a858f2b5c11cabe015c11ed979718c6,1
8a858f2c585375f0015864b6715151a1,1
8a858f2c585375f00158678b108144f8,1
8a858f2c58dc6e680158dd8af7761f24,1
8a858f2c58dc6e680158ddc5674b32d7,1
8a858f2c58dc6e680158e34dcf8b2508,1
8a858f2c58dc6e6801590636eb703b40,1
8a858f2c59bc3fdd0159c69c632b7d9c,1
8a858f2c59cb2d550159cb54fa96143e,1
8a858f2c59cb2d550159cbf3d0437cb5,1
8a858f2c5ca72bae015cab71247a577c,1
8a858f2d5853901a01585c79a6021b8f,1
8a858f2d5853901a01585dcf769f26de,1
8a858f2e5b81c373015b83d7c16b7392,1
8a858f2e5c699f3a015c7405e386784e,1
8a858f2e5c699f3a015c749e4d090695,1
8a858f2e5cd09481015cd0b9a1c71440,1
8a858f2e5cd09481015cd3d378cd0b38,1
8a858f2e5cd09481015cd41183a32235,1
8a858f2f5a04ac4f015a0e30386456a2,1
8a858f30551130db0155158c6aea0483,1
8a858f30551130db01551abab6480371,1
8a858f30551130db01551d15af161287,1
8a858f305c8dd672015c93b1db645db4,1
8a858f305c8dd672015c9439eb1c6964,1
8a858f305c8dd672015c967a260a1563,1
8a858f305c8dd672015c97a940a24715,1
8a858f305c8dd672015c991b913e01df,1
8a858f305c8dd672015c9b0451ec3125,1
8a858f305c8dd672015c9b6de9735c21,1
8a858f305c8dd672015c9cc94b4c2adb,1
8a858f305c8dd672015c9d62596676c3,1
8a858f305c8dd672015c9d82080e7f53,1
8a858f305c8dd672015c9e1d9c281a8d,1
8a858f305cb1ec4e015cb4ebf8df3fcd,1
8a858f305cb1ec4e015cb5422c574d3f,1
8a858f305cb1ec4e015cb65bf76e7744,1
8a858f305cb1ec4e015cc075bf43795e,1
8a858f3159f585d30159f87d1a2877db,1
8a858f3355ae6a610155bbaab30362bd,1
8a858f3355ae6a610155c4dcf6ab573c,1
8a858f3355ae6a610155c583cc8e034d,1
8a858f335c8d9723015c9b9132b212e3,1
8a858f335c8d9723015c9cfffcce6261,1
8a858f335cd0c78e015cd44b20b736c0,1
8a858f3455a0d8070155b16b7768789b,1
8a858f3455a0d8070155b6c6fdd05de2,1
8a858f3455a0d8070155ba00f4ee20a2,1
8a858f3455a0d8070155c059a8e9682c,1
8a858f3455a0d8070155c5c138987cad,1
8a858f345ad253d6015ad260db8c0a81,1
8a858f345c1075d5015c113cd32b57b0,1
8a858f3659f9d6dc0159fa2cafe23cc9,1
8a858f365b2547f3015b2b5c729d5724,1
8a858f365b2547f3015b2bfd85c85ec1,1
8a858f365b2547f3015b2fc6ca393bbe,1
8a858f365d5bb7ab015d5f0a75401eb6,1
8a858f375b493337015b4b87fd557c4f,1
8a858f375b493337015b56c4ef7a4e0c,1
8a858f375b493337015b572be9d01961,1
8a858f385b34d285015b34ed06a1189b,1
8a858f385b34d285015b355601945bb1,1
8a858f385b34d285015b364237b40273,1
8a858f385b34d285015b368d23720716,1
8a858f385b34d285015b36b6a49b08d1,1
8a858f385b34d285015b388b44a27edf,1
8a858f385b866e4f015b86abb1173999,1
8a858f3a58a6d6720158aa1561f233c0,1
8a858f3a58a6d6720158aa1f06e4388a,1
8a858f3a58a6d6720158b0d75ed070f2,1
8a858f3b59eed4f10159ef4562a23e9b,1
8a858f3b5c1c5a08015c1c6897ac062b,1
8a858f3c5c16cadb015c1a134d3c0c7a,1
8a858f3d5ab81f53015ab8334351169b,1
8a858f3d5add42e2015ae0d08df06d16,1
8a858f3d5add42e2015ae2f266f01da4,1
8a858f3d5b4411b7015b45118d3e2534,1
8a858f3d5c1c9865015c1dd482f835ed,1
8a858f3e5885ffa301588ccdf1b437ef,1
8a858f3e5885ffa30158967ceea30830,1
8a858f3e589c40610158b48a71b430d3,1
8a858f3e58b4ff1a0158b63d1df0021c,1
8a858f4156939c3c01569d77496b6f81,1
8a858f4156939c3c01569f034a8d6b06,1
8a858f4156939c3c0156a3156a530b83,1
8a858f435aa9712e015aab488ebc2491,1
8a858f435ad25c25015ad29e0ad52b72,1
8a858f44578e3d4601578efa5c6d3433,1
8a858f4655ca643c0155d0dd20bb0a03,1
8a858f465668e3d6015673c90e483f44,1
8a858f465668e3d6015674d9567a2c56,1
8a858f465668e3d60156790caa5f49da,1
8a858f465668e3d601567dc3f5970090,1
8a858f465668e3d6015685204d750dd7,1
8a858f465668e3d601568dd071503445,1
8a858f475bceed0d015bcf37085126dd,1
8a858f475be98d5f015bea05e74b1b04,1
8a858f475c11bc72015c1381706c10db,1
8a858f475c7ea023015c81ad999a0386,1
8a858f495a70f465015a7562d9b20ad9,1
8a858f495beda5ee015bee2f3c4e51d7,1
8a858f4b55df0f530155df2ba21c0cc4,1
8a858f4b55df0f530155f714fc8a6701,1
8a858f4c5bb597f6015bb9f60ed711da,1
8a858f4d59f551120159f6865c371501,1
8a858f4e5ba5e8d3015ba64844642115,1
8a858f4e5ca72981015ca7886d4725d6,1
8a858f4e5ca72981015ca7a4fdc23103,1
8a858f4e5ca72981015cab698acd7f40,1
8a858f4e5ca72981015cabf3f75d36d7,1
8a858f4f5511dca2015527f16c630032,1
8a858f4f59f4ed130159f50d47b117a0,1
8a858f4f5b66de3a015b66fc83c61902,1
8a858f505b8ac45a015b8ac545bc0181,1
8a858f505c7e3a50015c7f0abf5847cd,1
8a858f525b484af4015b484e35ec0367,1
8a858f525bedff8d015bef815d3c6d46,1
8a858f535908095c01591628b8dc27b1,1
8a858f535908095c01592c4a9576186c,1
8a858f535c357042015c358627551358,1
8a858f535d325481015d3593ac7e0cb3,1
8a858f545908094b01591f39284c5592,1
8a858f54592214a0015926bce60f2108,1
8a858f555cacacdf015cafcc2c1c7105,1
8a858f5659bc0eea0159c6f4b9ab6a80,1
8a858f565b683b56015b68bf1d44335d,1
8a858f565b683b56015b724f43c25b8e,1
8a858f565b683b56015b7357f31e7569,1
8a858f565b683b56015b7391c2617960,1
8a858f565b683b56015b77d6c4b14751,1
8a858f565b683b56015b7ad54ddc7f78,1
8a858f565b683b56015b7cc0ebfa510d,1
8a858f565c3acb9d015c3f5e4d3b6d8d,1
8a858f585bfd6341015c02b6bdef00d3,1
8a858f585cf9d48b015cf9ee030e10ad,1
8a858f585cf9d48b015cfa156a9024ea,1
8a858f585cf9d48b015d0805acb34afc,1
8a858f585cf9d48b015d0c8b49993e4d,1
8a858f595ccb6f86015cce7333856062,1
8a858f595d1387e8015d149bd8e57256,1
8a858f5a57519e4801576b2bd3284e9c,1
8a858f5b5bee1b11015bf1b4ffea5abb,1
8a858f5b5bee1b11015bf1c55a266522,1
8a858f5b5bee1b11015bf1f46fee071a,1
8a858f5c5ad7d927015ad8d3ea7b5cca,1
8a858f5c5bfc7082015bfc91ab1c169b,1
8a858f5c5bfc7082015bfcd94a2848c3,1
8a858f5d5929e0fd015945f72b1420e1,1
8a858f5e5566567d01556c3e3c342d60,1
8a858f5e5566567d01556f2580846d5f,1
8a858f5e5566567d0155725ac7ea3c08,1
8a858f5e5566567d015577a80b01201e,1
8a858f5e5bedf32a015beeb96d0a4ddf,1
8a858f5e5cb23c77015cb5bd8faa5173,1
8a858f5e5cb23c77015cb7532e3912cb,1
8a858f5e5cb23c77015cb94d2a40409c,1
8a858f5f55f9698c0156028d5ba328e7,1
8a858f5f55f9698c015602905f522aed,1
8a858f5f5a3d03ab015a3d1733130bf9,1
8a858f5f5a83e8dc015a847ab68a5a08,1
8a858f5f5b39bb0c015b3b16c0d931ad,1
8a858f5f5b39bb0c015b3cbacb4c6b58,1
8a858f5f5b39bb0c015b3d560ed14ffc,1
8a858f60560bc43d01561c8fb7ea6af5,1
8a858f605b911d60015b91b99d55400d,1
8a858f615578136301557f55fc575dc4,1
8a858f615578136301558cd970840ea8,1
8a858f615591c2cc0155932f442a68d0,1
8a858f615591c2cc0155965e44ff3633,1
8a858f6155f96a03015607947b3c4f67,1
8a858f61560bc0e501560d55eaca7446,1
8a858f61560bc0e501561c6067660b09,1
8a858f615a60b7a9015a60ec6bd7262c,1
8a858f615b1ffb14015b200e2dc10f69,1
8a858f625b43c0a1015b43e9175e3c65,1
8a858f625c5a3697015c5ac8f5e332b1,1
8a858f625c5a3697015c5e1307347932,1
8a858f635cd0112b015cd04879881d76,1
8a858f665c2142a0015c2cf209e20a6f,1
8a858f665c45930d015c4b164bed3b03,1
8a858f665c45930d015c50908f4d2df3,1
8a858f665c45930d015c51fd1e3b47d8,1
8a858f665ca1c775015ca1e1f1360d78,1
8a858f665d5b785d015d5f68ed617390,1
8a858f675c1c43bc015c1e99c0a95a77,1
8a858f675c1c43bc015c2049f2d20224,1
8a858f685886044001588b8117fc6188,1
8a858f685b5dadef015b5daef51a007e,1
8a858f695ceee665015cef2c74e82bc3,1
8a858f6a5d1e09b3015d2b9c63ee790e,1
8a858f6b570f2de901572981cca506b5,1
8a858f6c570f2d6601570f4637b10cbc,1
8a858f6c5a37e2a3015a3820e4ef2dcd,1
8a858f6c5b5cff3d015b5d08e3110cd6,1
8a858f6c5cac8f53015cafeb15141be1,1
8a858f6d5a7fef7d015a8367573a6b63,1
8a858f6e5b1a4fd0015b1a555f54042b,1
8a858f6e5cb16eb9015cb256f2d7506f,1
8a858f6e5cb16eb9015cb7fd2766646d,1
8a858f6e5cb16eb9015cbf6316b4273f,1
8a858f6f5b3f095b015b3f57daaa5cff,1
8a858f6f5b3f095b015b4293c4775b80,1
8a858f7057b918e40157b93a0b210f37,1
8a858f7057b918e40157bd8c8a8e6ec1,1
8a858f7057b918e40157c973bde93376,1
8a858f725b49c0c0015b501c78d85002,1
8a858f725b49c0c0015b520763bc7ee4,1
8a858f725b49c0c0015b55555c7c5bef,1
8a858f735aec46c4015aece4cfa14726,1
8a858f735b437619015b439524ec306f,1
8a858f735c161bda015c164d86632026,1
8a858f745b86e128015b872a3a063068,1
8a858f755af1caee015af206036c172c,1
8a858f755af28150015af5534c2e15ce,1
8a858f775b3ea497015b3ed88dba478e,1
8a858f775d0e8a23015d11f3cd1d202f,1
8a858f78550ba10401550c694cfc464b,1
8a858f785ad67c4d015ad6c1b9f4339e,1
8a858f795896e56b0158972775f12556,1
8a858f7a5d41fd47015d466672e123e0,1
8a858f7b5b103152015b104720d6105d,1
8a858f7b5ca7abe3015cac08f7d43c87,1
8a858f7c5ad29e0f015ad2ac49010f4d,1
8a858f7c5be8dc45015be8e136700347,1
8a858f7c5be8dc45015be964ef6f5833,1
8a858f7c5ccaf06d015ccb09b0070f34,1
8a858f7d5578012a015579e9cfd56f51,1
8a858f7d5578012a0155827e94874386,1
8a858f7d5ab3ca4b015ab769621b5811,1
8a858f7d5c5e86a8015c5e8a3e1f035f,1
8a858f7d5cf9aef9015d0cc6f0d61fc2,1
8a858f7e564ad33801564b73c7113f56,1
8a858f7e564ad3380156565307213481,1
8a858f7e564ad33801565727cc994cef,1
8a858f7e5c213ef4015c2c0013e72111,1
8a858f7e5c213ef4015c31640d15066c,1
8a858f7e5c69a6e3015c6b5b59264a17,1
8a858f8559ff51bc015a034f940172a7,1
8a858f855bf2f1ad015bf3a592d55d35,1
8a858f875cedcb03015cedea256e1bd5,1
8a858f88578ad68901578bd0502a216a,1
8a858f8a558227f2015588ff37f873d5,1
8a858f8a558227f2015590dc5e57307e,1
8a858f8a5a424041015a4296cb8733f7,1
8a858f8a5a424041015a43ca4912104e,1
8a858f8a5a424041015a45922fcc2ede,1
8a858f8a5a424041015a467fa9ea3240,1
8a858f8a5b146b08015b14807b6c1308,1
8a858f8b5a1812a8015a183a092d1960,1
8a858f8d56e0c3a70156e519862924ae,1
8a858f8d56e0c3a70156fa06a8c87640,1
8a858f8d56e0c3a70156fa3aa92e0b00,1
8a858f8d5b3e733e015b3e7510a70420,1
8a858f8d5b632706015b63adf38a451e,1
8a858f8d5b632706015b65e38374135f,1
8a858f8d5c82ba66015c8316bc8a3607,1
8a858f8e597cf3f401598353f79a7171,1
8a858f8e5986f510015987965aa9183a,1
8a858f8e5c5f46fc015c633244a35e89,1
8a858f8e5c63d73e015c6893b0722802,1
8a858f8f5bd43c36015bd84ce0b26bce,1
8a858f8f5bfd3cfa015c00e809b600d4,1
8a858f8f5bfd3cfa015c0cec47c055f1,1
8a858f8f5bfd3cfa015c0d135d0365b3,1
8a858f905c06a9c0015c06db624d043e,1
8a858f905c06a9c0015c0fe9941d0e24,1
8a858f9157f7b9670157fcc1f2611cff,1
8a858f92582fcca1015833a89b93069d,1
8a858f925bec9b74015bece5fdc43462,1
8a858f935760a6180157656412854b07,1
8a858f935b8753e6015b8a360b650064,1
8a858f955a6b4986015a6ff352ae57e5,1
8a858f965bb63a25015bbb3c90f07658,1
8a858f965bb63a25015bbf63fd062e2e,1
8a858f965bb63a25015bc8aebd3b4b64,1
8a858f965bc8e421015bcc66b05e5967,1
8a858f965c6950da015c7825e09e6801,1
8a858f965c6950da015c7c022e4757a6,1
8a858f975c4582c4015c468f7f4f4e9a,1
8a858f975c4582c4015c49b8173116fa,1
8a858f975c4582c4015c5379bebc030a,1
8a858f98560bbe1101560ccaa0f8413b,1
8a858f98560bbe1101560db94d740f06,1
8a858f985bee01cb015bee649b4f3611,1
8a858f985bee01cb015befa895cd7226,1
8a858f985bf79668015bf7e2a2f12fef,1
8a858f9c56aaf37d0156ac3dcf0f06c9,1
8a858f9c582479b9015824b8e09b1c6f,1
8a858f9c5a4817be015a486238ca1a96,1
8a858f9c5a4817be015a48bb859430a2,1
8a858f9c5cd581d9015cd5fd37de47cd,1
8a858f9d565c0059015663fdde19510e,1
8a858f9d5668e3f101566fd2e9f52c60,1
8a858f9d5668e3f10156749815b41f4d,1
8a858f9d5a4ceb8f015a4d4dd6f0284e,1
8a858f9d5afc0a16015afc552c271b88,1
8a858f9d5afc0a16015b0054bbf824f1,1
8a858f9d5c8779e7015c87d0c6db38fd,1
8a858f9e5a6b4fad015a6bc035af3d70,1
8a858f9f5679951a01567bdd5d0776da,1
8a858f9f5679951a015689f8cbab66c5,1
8a858f9f5679951a015689f941316720,1
8a858f9f5bd99987015bd9f0e7c81fd0,1
8a858f9f5bd99987015bdf4787394f7d,1
8a858f9f5bd99987015be4ac07c556fa,1
8a858f9f5bd99987015be772dfc257f1,1
8a858fa05c82907b015c82bc5d911e17,1
8a858fa05c82907b015c82e998ce3657,1
8a858fa154e2912f0154ef3eeb7c6e15,1
8a858fa154e2912f0155071c1e512f6f,1
8a858fa154e2912f0155112438744810,1
8a858fa1581f869601582023dd373106,1
8a858fa158d4a6c00158f0024f7b611b,1
8a858fa158d4a6c00158f545e583678b,1
8a858fa158f8ee8f0158ff1bb2b747e1,1
8a858fa25ba50724015ba50ce44c062d,1
8a858fa25bd92c20015be50d818f1890,1
8a858fa25bd92c20015be6b5d0f03cf1,1
8a858fa25cfa127c015d0701d6ad4f46,1
8a858fa25cfa127c015d0958368043fb,1
8a858fa3586d20e001586d3a40c3099b,1
8a858fa4552add9f01553fb0d84f57aa,1
8a858fa4552add9f01555355c66043ac,1
8a858fa45bd95e9a015be38192d70888,1
8a858fa5552add5d0155452401244051,1
8a858fa55776f0470157799aa4b33da8,1
8a858fa55cc5dbbc015cc62025142ae4,1
8a858fa65d13a38c015d142bf2d73b6d,1
8a858fa75b5c94ed015b5ca7267d13f2,1
8a858fa859a7641e0159a9122c3c61b5,1
8a858fa95c695f85015c722c61b67dce,1
8a858faa5cf9a4f6015cf9efe1a92e72,1
8a858fab5b9105dc015b94648ba66c06,1
8a858fab5b9105dc015b96ba29ad301e,1
8a858fab5b9105dc015b975e594e394a,1
8a858fab5b9105dc015b9a196ae14921,1
8a858fab5b9105dc015b9c57408c68dc,1
8a858fab5b9105dc015b9e2f0f40784b,1
8a858fab5bd395d6015bd3e7e69023fe,1
8a858fab5cd5e1a7015cd9c3b9ae0f29,1
8a858fab5cd5e1a7015cde28b9f37db3,1
8a858fab5cd5e1a7015cdeddd8590ea3,1
8a858fab5cd5e1a7015cdf590c9d1f59,1
8a858fab5cd5e1a7015ce50756cf0aef,1
8a858fab5cd5e1a7015ce92aa49d4dd4,1
8a858fae5921beeb015926d404124f7e,1
8a858fae59ac8f090159ac920f32025b,1
8a858faf55d95d930155f02fd7f92a5a,1
8a858faf55d95d930155f31802a14559,1
8a858faf5679a838015679c459720d76,1
8a858faf5679a838015680f89d553201,1
8a858faf5679a838015685e32ce57cb0,1
8a858faf5679a8380156906a01984117,1
8a858faf56939fea0156975419b87130,1
8a858faf56939fea015698f52c0b0e5b,1
8a858faf56939fea0156a7a6a8435dd7,1
8a858faf56b7821c0156cbb2b12c07a8,1
8a858faf56b7821c0156cd9d24f12275,1
8a858faf56b7821c0156cdaa248222fd,1
8a858fb05989e30101598f2295ab21da,1
8a858fb1563219690156451133cc037c,1
8a858fb15b34a708015b361f8b9921bd,1
8a858fb15d0d2558015d0d98bc79398b,1
8a858fb4563228d201563d09846204bd,1
8a858fb4563228d201564c66602444a2,1
8a858fb45bb59c21015bb88a191f58f2,1
8a858fb559b64f410159b6d8b6ed48f4,1
8a858fb759878fc90159879cddf605ef,1
8a858fb75cc4c299015cc5033b41281c,1
8a858fb75cf4b2bd015cf7d0dda60b7c,1
8a858fb75cf4b2bd015cf85128965269,1
8a858fb85b81c658015b851b7668420c,1
8a858fb959b6dfec0159b700765e15e7,1
8a858fb95bd896cc015bd8a775a70c54,1
8a858fba570ca86401570e9e31230e2e,1
8a858fba5cd5feee015cd934e2f2657f,1
8a858fba5cd5feee015cdb0546383f66,1
8a858fba5cd5feee015ce2e234b45c0c,1
8a858fbc594a495c01595fadf4a023e6,1
8a858fbc5cc666c8015cc96695e50338,1
8a858fbd59a760570159a7a6fe900a10,1
8a858fbd5cd6054a015cd6adb37a2735,1
8a858fbd5cd6054a015cda2ad0aa086d,1
8a858fbd5cd6054a015ce8fc946d21fb,1
8a858fbd5cd6054a015cea089d6d1c15,1
8a858fbf5b3a0b46015b3ac9ef325d05,1
8a858fbf5b3a0b46015b3d155a54623b,1
8a858fbf5b3a0b46015b3d56a9a72115,1
8a858fc15b68ba6a015b72f1c66205da,1
8a858fc15b68ba6a015b7364beb20e51,1
8a858fc15b68ba6a015b77dc3edd5df5,1
8a858fc15b68ba6a015b7803816a6145,1
8a858fc259d7378a0159da1f629a0741,1
8a858fc25bafabdc015bb016ef44386e,1
8a858fc25c172499015c18614b6e3f30,1
8a858fc35b347bd4015b34bbb0e15271,1
8a858fc35b347bd4015b34c1a0db575f,1
8a858fc45c21da6f015c24f0838b380f,1
8a858fc45c21da6f015c3087c36d6234,1
8a858fc45c5f93be015c63842ca27543,1
8a858fc55a85c4fc015a88ddb3041731,1
8a858fc55b2fde30015b300d85e20ef2,1
8a858fc55bf27347015bf2759d8c016e,1
8a858fc65c7e0e55015c7f8126b8672a,1
8a858fc65d138f01015d14ba1ceb685b,1
8a858fc65d138f01015d1790d9407ce6,1
8a858fc75b48cd91015b48db33c01405,1
8a858fc75cd62882015cd635fb7f0393,1
8a858fc75cd62882015cdb0bcbe41e33,1
8a858fc75cd62882015ce0364fc515ca,1
8a858fc75cd62882015ce88b866c403f,1
8a858fc959b73f6d0159b8286fbb543b,1
8a858fc959bb192f0159bb26fbe70c82,1
8a858fc959bc56c80159cafe40c76c01,1
8a858fca5c35df2c015c35e501f203d3,1
8a858fca5c35df2c015c3700113b4c9d,1
8a858fca5c35df2c015c39ad8695343e,1
8a858fcb5b00cc54015b0253ced26a5f,1
8a858fcb5c11f481015c136958a75b40,1
8a858fcb5c11f481015c16739d933978,1
8a858fcb5c11f481015c167f5ecc4280,1
8a858fcb5c87dd04015c882423cd3abd,1
8a858fcb5ca240f7015ca5ca808f4285,1
8a858fcb5d0ed176015d0efab3180966,1
8a858fcc59022384015902be7c522747,1
8a858fcc5987800e01598784b60a00df,1
8a858fcc5ab942ce015ac02f026e2d48,1
8a858fcc5ac15618015ac360876c1aae,1
8a858fcc5c5f010e015c5f2526d30e4b,1
8a858fcc5cf4a563015cf569a33249a9,1
8a858fcd5b85c2b1015b85ee2cca208e,1
8a858fcd5bd42c30015bd43a8d6c054c,1
8a858fcd5bd42c30015bd525a0e34e8e,1
8a858fcd5cc5594e015cc57021210c21,1
8a858fce5bf8129c015bfbcdde9467f6,1
8a858fce5c360eb7015c37df672c6263,1
8a858fce5c360eb7015c39ab64e83dd8,1
8a858fcf5b39c3ba015b39c7691603e1,1
8a858fcf5b39c3ba015b3d6d077c4383,1
8a858fcf5b39c3ba015b3d91e1f028de,1
8a858fcf5b39c3ba015b3d9f215c3922,1
8a858fd05b154854015b154996140050,1
8a858fd05bf22b18015bf25758ea1c9e,1
8a858fd05bfd7d3c015bfe43473d3c9d,1
8a858fd05bfd7d3c015c00da25930330,1
8a858fd05bfd7d3c015c01a7e0f636db,1
8a858fd05bfd7d3c015c0239684a5349,1
8a858fd05bfd7d3c015c081e057151ea,1
8a858fd25a1dc72f015a1dcba1230448,1
8a858fd25c5a5bc7015c5cd633965294,1
8a858fd25c5a5bc7015c5e0441fb4bfa,1
8a858fd3552c75620155313d65204f19,1
8a858fd3552c75620155320b88a16398,1
8a858fd3552c756201554443ab122d5a,1
8a858fd3552c7562015548e2d7327a53,1
8a858fd3552c756201554a0014cb700b,1
8a858fd3552c75620155592474741064,1
8a858fd35b3ec939015b3ed2d4610f4f,1
8a858fd35b441894015b4420f53b0fcb,1
8a858fd35b441894015b46ec60a43c58,1
8a858fd458639fcc0158691747bc4ecb,1
8a858fd45a4260bc015a46d547e52e7f,1
8a858fd55c45ba15015c4a3dfdee0ecd,1
8a858fd75bc96a6f015bcab7caf06c3f,1
8a858fd858d5076d0158e2dd9ded2afa,1
8a858fd858e2f19a0158f2bf8b501085,1
8a858fd85b685607015b6cf937f232be,1
8a858fd85b685607015b6dfb15ef56c2,1
8a858fd85b685607015b782ab1432e4a,1
8a858fd85b685607015b7c676ce10c40,1
8a858fd95c3b5bca015c3c09f9e82bd5,1
8a858fd95c3b5bca015c4097e9ef79b1,1
8a858fd95c878bfe015c87c21233283a,1
8a858fda5c1bd1f7015c1be7f7450f37,1
8a858fdb58c2d2120158c76cf8d52e51,1
8a858fdd54d4dd160154e1edcb6d7596,1
8a858fdd5800dc77015807ca70d501e3,1
8a858fde56eb02280156eb6dafc128ac,1
8a858fde56eb02280156efa2889b0326,1
8a858fde56eb02280156f59b976d46c0,1
8a858fdf5bf85f71015bf89b51181584,1
8a858fe05784e62901578684e3720c00,1
8a858fe05cac0c84015cac4f5c9a28b2,1
8a858fe25b8c4e5c015b9017d04846e1,1
8a858fe35cd0edad015cd3df1c295c30,1
8a858fe55656a93801565ad4976f225f,1
8a858fe55656a93801565e0c6d4575d6,1
8a858fe5569398920156986fc0337f88,1
8a858fe556939892015698f67b7f376a,1
8a858fe5569398920156adf52d137f11,1
8a858fe55b013a0b015b041bc1fb418b,1
8a858fe55b013a0b015b0b5996ce4111,1
8a858fe756939bbb015695c2144d6077,1
8a858fe756939bbb0156afd209d97f15,1
8a858fe756939bbb0156b1159291111a,1
8a858fe758dc437a0159018589dc5df0,1
8a858fe75be82695015be82d3612075f,1
8a858fe8555f401f01555f4577350080,1
8a858fe8555f401f015567a0cca24f03,1
8a858fe8555f401f015572a171e745ed,1
8a858fe954ccb8d90154d46ece7f4034,1
8a858fea5751aefe015752a1053b569f,1
8a858fea5b391cd7015b3933a65d2017,1
8a858fea5b8c314d015b8fc90f951661,1
8a858feb58c565cf0158d11c49895721,1
8a858fed5a28bf0e015a2a1969814dc1,1
8a858fed5a36fe62015a37705cbb3aaf,1
8a858fee5863a04901586977ceb769d2,1
8a858fee5863a04901586b94f5ef2105,1
8a858fee5863a04901586c7547896071,1
8a858fee5863a04901586cb3f8b5798a,1
8a858fee5aaeb536015ab028da65651f,1
8a858fef570f30e501571fd446d44c81,1
8a858fef570f30e5015721e4b5126686,1
8a858fef570f30e50157285c1179057b,1
8a858fef5cd5636a015cd5a5659e2656,1
8a858ff05d128e7c015d12a0962e0c8d,1
8a858ff15b5d3f84015b5d6327223863,1
8a858ff25a13ebf6015a150199c5042d,1
8a858ff35c1ada43015c1ae99d830a0b,1
8a858ff35c63d750015c63dbb45e027c,1
8a858ff35c63d750015c63e977c50cf6,1
8a858ff35c63d750015c65a730ac2e7c,1
8a858ff35c63d750015c6939de7f2388,1
8a858ff459faa35f0159fb304ea230e6,1
8a858ff45be92ea2015be968b94e1872,1
8a858ff45ca0ec96015ca173a34046a4,1
8a858ff554e290e10154f162ddb81445,1
8a858ff554e290e10154fe4e6b3f648c,1
8a858ff554e290e10155065b5ba54cce,1
8a858ff55b5d377b015b5d3ab51105e5,1
8a858ff8582fcb8601583ef69ee437b2,1
8a858ff85bd93919015be24c4f851772,1
8a858ff85bd93919015be339c7e73cdd,1
8a858ff9580b881201581e41fa95467b,1
8a858ffa55ca72a50155d49947914143,1
8a858ffa55ca72a50155d8966d3b75eb,1
8a858ffa55ca72a50155d9a6e8a257c4,1
8a858ffb5b350b52015b376f8d7f10ba,1
8a858ffb5d3cbcfc015d3d499c1838a2,1
8a858ffc5baffa85015bb07af6973748,1
8a858ffd5b391849015b391d7c0e0810,1
8a858ffd5b391849015b392ab12c145c,1
8a858ffd5c8d343d015c8f02ce3004ad,1
8a858ffd5c8d343d015c979e2c33038e,1
8a858ffd5c8d343d015c9cab96843756,1
8a858ffd5caca417015cacdb354a2364,1
8a858ffd5caca417015cad45b31249a2,1
8a858ffe5ab2b16a015ab3180c915303,1
8a858ffe5c11b69c015c11cd083f0bf2,1
8a858ffe5c44d5b6015c450d4ba52a5c,1
8a858fff5a28d297015a2db9e78d1744,1
8a858fff5a28d297015a32c55dee456d,1
8a858fff5a36fe68015a3733e2131686,1
8a858fff5a36fe68015a3744f0021e89,1
8aaae7a74400b28201441c8b62514150,1
8aab10f748cf78ff0148d11fac1447a6,1
8aab160f499477da014999ba2f0f578b,1
8addcb0645aff34b0145b25fe1616ee0,1
